name,x,y
p11,281617.54960323405,5713129.16617755
p22,283231.5784893555,5714513.598560583
p00,280000.1356368433,5711744.95767795
p10,281503.9646124135,5711631.193167094
p20,283004.38644298306,5711517.682532912
p01,280113.7153978014,5713242.943315262
p21,283117.9766642923,5713015.64302722
p02,280227.3069280791,5714740.923966543
p12,281731.14628048893,5714627.134214536
