name,x,y
p11,284608.35292759736,5712902.869919755
p22,284716.02722536155,5712995.162167195
p00,284500.66541469,5712810.578560069
p10,284600.7792908028,5712803.003572032
p20,284700.8798520113,5712795.4295745175
p01,284508.2390283066,5712910.44496291
p21,284708.45351197605,5712895.295867154
p02,284515.81269538857,5713010.311373148
p12,284615.92661783134,5713002.7362748785
