name,x,y
p11,282345.9865546332,5712426.783343803
p22,282704.93644423754,5712734.418275847
p00,281987.0376678527,5712119.153727175
p10,282320.7453438001,5712093.907054582
p20,282654.4524045751,5712068.660238406
p01,282012.2786200568,5712452.030635392
p21,282679.69387416006,5712401.535909537
p02,282037.5206745793,5712784.91423854
p12,282371.22886686114,5712759.666328083
