name,x,y
p11,282260.3625794575,5712477.900891838
p22,282368.036647531,5712570.18838138
p00,282152.67529621546,5712385.614288662
p10,282252.7903003346,5712378.0399279175
p20,282352.89198881906,5712370.46655755
p01,282160.2475521085,5712485.4753082795
p21,282360.4642911783,5712470.327465803
p02,282167.8198620255,5712585.336335208
p12,282267.93491259974,5712577.761863073
