hour,weighted_av_a,av_a,len_grids,explicit
12,301.0391016884741,305.88529691722823,55,60.721660553591846
