hour,weighted_av_a,av_a,len_grids,explicit
12,306.7686758800282,309.18588365774315,442,85.02949225502817
