hour,weighted_av_a,av_a,len_grids,explicit
12,322.1946606586673,327.0408558874214,55,81.87721952378502
